<?xml version="1.0" encoding="UTF-8"?>
<project-private xmlns="http://www.netbeans.org/ns/project-private/1">
    <editor-bookmarks xmlns="http://www.netbeans.org/ns/editor-bookmarks/2" lastBookmarkId="0"/>
    <open-files xmlns="http://www.netbeans.org/ns/projectui-open-files/2">
        <group>
            <file>file:/D:/java%20mella/apklaundryuas/src/apklaundryuas/menu_memberr.java</file>
            <file>file:/D:/java%20mella/apklaundryuas/src/apklaundryuas/menu_user.java</file>
            <file>file:/D:/java%20mella/apklaundryuas/src/apklaundryuas/koneksi.java</file>
            <file>file:/D:/java%20mella/apklaundryuas/src/apklaundryuas/Apklaundryuas.java</file>
            <file>file:/D:/java%20mella/apklaundryuas/src/apklaundryuas/menu_transaksi.java</file>
            <file>file:/D:/java%20mella/apklaundryuas/src/apklaundryuas/menu_outlet.java</file>
            <file>file:/D:/java%20mella/apklaundryuas/src/apklaundryuas/menu_utama.java</file>
            <file>file:/D:/java%20mella/apklaundryuas/src/apklaundryuas/login.java</file>
            <file>file:/D:/java%20mella/apklaundryuas/src/apklaundryuas/menu_paket.java</file>
        </group>
    </open-files>
</project-private>
